{
  "1-Epoch_Duration": 0.0015625,
  "2-Expected_Epoch_Duration": 0.0015625,
  "3-Epochs_Required": 7,
  "4-Collective_Finish_Time": 0.010937500000000001,
  "5-Algo_Bandwidth": 182.85714285714283,
  "6-Demand_Met": {
    "GPU 0": {
      "GPU 1": {
        "Chunk 0": 0.0015625
      },
      "GPU 2": {
        "Chunk 0": 0.004687500000000001
      },
      "GPU 3": {
        "Chunk 0": 0.0078125
      },
      "GPU 4": {
        "Chunk 0": 0.003125
      },
      "GPU 5": {
        "Chunk 0": 0.00625
      },
      "GPU 6": {
        "Chunk 0": 0.010937500000000001
      },
      "GPU 7": {
        "Chunk 0": 0.009375000000000001
      }
    },
    "GPU 1": {
      "GPU 0": {
        "Chunk 0": 0.0015625
      },
      "GPU 2": {
        "Chunk 0": 0.003125
      },
      "GPU 3": {
        "Chunk 0": 0.00625
      },
      "GPU 4": {
        "Chunk 0": 0.004687500000000001
      },
      "GPU 5": {
        "Chunk 0": 0.0078125
      },
      "GPU 6": {
        "Chunk 0": 0.009375000000000001
      },
      "GPU 7": {
        "Chunk 0": 0.010937500000000001
      }
    },
    "GPU 2": {
      "GPU 0": {
        "Chunk 0": 0.003125
      },
      "GPU 1": {
        "Chunk 0": 0.00625
      },
      "GPU 3": {
        "Chunk 0": 0.0015625
      },
      "GPU 4": {
        "Chunk 0": 0.0078125
      },
      "GPU 5": {
        "Chunk 0": 0.004687500000000001
      },
      "GPU 6": {
        "Chunk 0": 0.004687500000000001
      },
      "GPU 7": {
        "Chunk 0": 0.0078125
      }
    },
    "GPU 3": {
      "GPU 0": {
        "Chunk 0": 0.004687500000000001
      },
      "GPU 1": {
        "Chunk 0": 0.0078125
      },
      "GPU 2": {
        "Chunk 0": 0.0015625
      },
      "GPU 4": {
        "Chunk 0": 0.009375000000000001
      },
      "GPU 5": {
        "Chunk 0": 0.00625
      },
      "GPU 6": {
        "Chunk 0": 0.003125
      },
      "GPU 7": {
        "Chunk 0": 0.00625
      }
    },
    "GPU 4": {
      "GPU 0": {
        "Chunk 0": 0.0078125
      },
      "GPU 1": {
        "Chunk 0": 0.009375000000000001
      },
      "GPU 2": {
        "Chunk 0": 0.004687500000000001
      },
      "GPU 3": {
        "Chunk 0": 0.010937500000000001
      },
      "GPU 5": {
        "Chunk 0": 0.0015625
      },
      "GPU 6": {
        "Chunk 0": 0.003125
      },
      "GPU 7": {
        "Chunk 0": 0.00625
      }
    },
    "GPU 5": {
      "GPU 0": {
        "Chunk 0": 0.00625
      },
      "GPU 1": {
        "Chunk 0": 0.010937500000000001
      },
      "GPU 2": {
        "Chunk 0": 0.003125
      },
      "GPU 3": {
        "Chunk 0": 0.009375000000000001
      },
      "GPU 4": {
        "Chunk 0": 0.0015625
      },
      "GPU 6": {
        "Chunk 0": 0.004687500000000001
      },
      "GPU 7": {
        "Chunk 0": 0.0078125
      }
    },
    "GPU 6": {
      "GPU 0": {
        "Chunk 0": 0.003125
      },
      "GPU 1": {
        "Chunk 0": 0.009375000000000001
      },
      "GPU 2": {
        "Chunk 0": 0.004687500000000001
      },
      "GPU 3": {
        "Chunk 0": 0.0078125
      },
      "GPU 4": {
        "Chunk 0": 0.00625
      },
      "GPU 5": {
        "Chunk 0": 0.010937500000000001
      },
      "GPU 7": {
        "Chunk 0": 0.0015625
      }
    },
    "GPU 7": {
      "GPU 0": {
        "Chunk 0": 0.004687500000000001
      },
      "GPU 1": {
        "Chunk 0": 0.010937500000000001
      },
      "GPU 2": {
        "Chunk 0": 0.003125
      },
      "GPU 3": {
        "Chunk 0": 0.00625
      },
      "GPU 4": {
        "Chunk 0": 0.0078125
      },
      "GPU 5": {
        "Chunk 0": 0.009375000000000001
      },
      "GPU 6": {
        "Chunk 0": 0.0015625
      }
    }
  },
  "7-Flows": [
    "Chunk 0 from 4 traveled over 4->0 in epoch 0 via switches 8",
    "Chunk 0 from 2 traveled over 2->5 in epoch 0 via switches 8",
    "Chunk 0 from 1 traveled over 1->0 in epoch 0",
    "Chunk 0 from 2 traveled over 2->1 in epoch 0 via switches 8",
    "Chunk 0 from 6 traveled over 6->3 in epoch 0 via switches 8",
    "Chunk 0 from 4 traveled over 4->5 in epoch 0",
    "Chunk 0 from 7 traveled over 7->6 in epoch 0",
    "Chunk 0 from 6 traveled over 6->4 in epoch 0 via switches 8",
    "Chunk 0 from 0 traveled over 0->6 in epoch 0 via switches 8",
    "Chunk 0 from 6 traveled over 6->7 in epoch 0",
    "Chunk 0 from 0 traveled over 0->2 in epoch 0 via switches 8",
    "Chunk 0 from 0 traveled over 0->1 in epoch 0",
    "Chunk 0 from 2 traveled over 2->7 in epoch 0 via switches 8",
    "Chunk 0 from 5 traveled over 5->4 in epoch 0",
    "Chunk 0 from 2 traveled over 2->3 in epoch 0",
    "Chunk 0 from 3 traveled over 3->2 in epoch 0",
    "Chunk 0 from 5 traveled over 5->2 in epoch 1 via switches 8",
    "Chunk 0 from 7 traveled over 6->4 in epoch 2 via switches 8",
    "Chunk 0 from 0 traveled over 2->3 in epoch 2",
    "Chunk 0 from 2 traveled over 7->6 in epoch 2",
    "Chunk 0 from 3 traveled over 3->7 in epoch 2 via switches 8",
    "Chunk 0 from 7 traveled over 6->3 in epoch 2 via switches 8",
    "Chunk 0 from 5 traveled over 4->0 in epoch 2 via switches 8",
    "Chunk 0 from 2 traveled over 5->4 in epoch 2",
    "Chunk 0 from 1 traveled over 1->2 in epoch 2 via switches 8",
    "Chunk 0 from 0 traveled over 6->7 in epoch 2",
    "Chunk 0 from 4 traveled over 0->6 in epoch 2 via switches 8",
    "Chunk 0 from 2 traveled over 1->0 in epoch 2",
    "Chunk 0 from 6 traveled over 3->2 in epoch 2",
    "Chunk 0 from 6 traveled over 4->5 in epoch 2",
    "Chunk 0 from 0 traveled over 2->5 in epoch 2 via switches 8",
    "Chunk 0 from 3 traveled over 3->1 in epoch 2 via switches 8",
    "Chunk 0 from 4 traveled over 0->1 in epoch 2",
    "Chunk 0 from 4 traveled over 5->2 in epoch 3 via switches 8",
    "Chunk 0 from 5 traveled over 2->3 in epoch 3",
    "Chunk 0 from 3 traveled over 1->5 in epoch 4 via switches 8",
    "Chunk 0 from 3 traveled over 7->6 in epoch 4",
    "Chunk 0 from 7 traveled over 4->0 in epoch 4 via switches 8",
    "Chunk 0 from 5 traveled over 0->1 in epoch 4",
    "Chunk 0 from 3 traveled over 1->0 in epoch 4",
    "Chunk 0 from 1 traveled over 2->6 in epoch 4 via switches 8",
    "Chunk 0 from 6 traveled over 7->1 in epoch 4 via switches 8",
    "Chunk 0 from 0 traveled over 5->4 in epoch 4",
    "Chunk 0 from 1 traveled over 2->4 in epoch 4 via switches 8",
    "Chunk 0 from 7 traveled over 4->5 in epoch 4",
    "Chunk 0 from 1 traveled over 2->3 in epoch 4",
    "Chunk 0 from 4 traveled over 6->7 in epoch 4",
    "Chunk 0 from 5 traveled over 3->7 in epoch 4 via switches 8",
    "Chunk 0 from 7 traveled over 3->2 in epoch 4",
    "Chunk 0 from 4 traveled over 2->3 in epoch 5",
    "Chunk 0 from 5 traveled over 7->6 in epoch 6",
    "Chunk 0 from 7 traveled over 0->1 in epoch 6",
    "Chunk 0 from 6 traveled over 1->0 in epoch 6",
    "Chunk 0 from 1 traveled over 4->5 in epoch 6",
    "Chunk 0 from 1 traveled over 6->7 in epoch 6",
    "Chunk 0 from 3 traveled over 5->4 in epoch 6"
  ],
  "8-Chunk paths": {
    "Demand at 0 for chunk 0 from 1 met by epoch 0": [
      "1->0 in epoch 0"
    ],
    "Demand at 0 for chunk 0 from 2 met by epoch 2": [
      "2->1 in epoch 0 via switches 8",
      "1->0 in epoch 2"
    ],
    "Demand at 0 for chunk 0 from 3 met by epoch 4": [
      "3->1 in epoch 2 via switches 8",
      "1->0 in epoch 4"
    ],
    "Demand at 0 for chunk 0 from 4 met by epoch 1": [
      "4->0 in epoch 0 via switches 8"
    ],
    "Demand at 0 for chunk 0 from 5 met by epoch 3": [
      "5->4 in epoch 0",
      "4->0 in epoch 2 via switches 8"
    ],
    "Demand at 0 for chunk 0 from 6 met by epoch 6": [
      "6->7 in epoch 0",
      "7->1 in epoch 4 via switches 8",
      "1->0 in epoch 6"
    ],
    "Demand at 0 for chunk 0 from 7 met by epoch 5": [
      "7->6 in epoch 0",
      "6->4 in epoch 2 via switches 8",
      "4->0 in epoch 4 via switches 8"
    ],
    "Demand at 1 for chunk 0 from 0 met by epoch 0": [
      "0->1 in epoch 0"
    ],